{"cameraMode":{"drawMode":0,"name":"Shaded","section":"Shading Mode"},"sceneLighting":true,"audioPlay":false,"sceneViewState":{"m_AlwaysRefresh":false,"showFog":true,"showSkybox":true,"showFlares":true,"showImageEffects":true,"showParticleSystems":true,"showVisualEffectGraphs":true,"m_FxEnabled":true},"in2DMode":false,"pivot":{"x":1.1954231262207032,"y":3.557915687561035,"z":2.4421043395996095},"rotation":{"x":-0.22246065735816956,"y":0.43941110372543337,"z":-0.11327962577342987,"w":-0.8629047274589539},"size":12.479231834411621,"orthographic":false}